ebird_species_name,beak_width,hwi,mass,habitat,habitat_density,migration,trophic_level,trophic_niche,primary_lifestyle
Alectroenas madagascariensis,4.1,33.6,173,Forest,2,1,Herbivore,Frugivore,Insessorial
Alectroenas pulcherrimus,4.5,25.2,165,Forest,2,1,Herbivore,Frugivore,Insessorial
Alectroenas sganzini,4.4,30.7,158,Forest,2,1,Herbivore,Frugivore,Insessorial
Pampusana beccarii,2.4,29.2,78.7,Forest,1,1,Herbivore,Omnivore,Terrestrial
Pampusana canifrons,2.8,26.5,135,Forest,1,1,Herbivore,Granivore,Terrestrial
Pampusana erythroptera,3.6,30.8,113.2,Woodland,1,1,Herbivore,Granivore,Terrestrial
Pampusana hoedtii,3.9,28.7,135,Forest,1,1,Herbivore,Frugivore,Terrestrial
Pampusana jobiensis,3.4,34.5,135,Forest,1,1,Herbivore,Omnivore,Terrestrial
Pampusana kubaryi,3.4,27.8,162,Forest,1,1,Omnivore,Omnivore,Terrestrial
Pampusana rubescens,2.9,26.7,60,Shrubland,1,1,Herbivore,Granivore,Insessorial
Pampusana sanctaecrucis,3,27.8,171,Forest,1,1,Herbivore,Omnivore,Terrestrial
Pampusana stairi,3.4,31.2,171,Forest,3,1,Herbivore,Omnivore,Terrestrial
Pampusana xanthonura,3.8,28.4,110.6,Forest,1,1,Herbivore,Frugivore,Insessorial
Caloenas nicobarica,5.4,32.8,537.9,Forest,1,2,Herbivore,Omnivore,Terrestrial
Chalcophaps indica,3.1,28.7,136.5,Forest,1,1,Herbivore,Omnivore,Generalist
Chalcophaps longirostris,2.8,32,136.5,Forest,1,1,Herbivore,Omnivore,Generalist
Chalcophaps stephani,2.6,32.4,129,Forest,3,1,Herbivore,Omnivore,Generalist
Claravis pretiosa,3.2,26.7,68.2,Forest,1,2,Herbivore,Granivore,Generalist
Columba albinucha,4.2,42,325,Forest,2,1,Herbivore,Frugivore,Insessorial
Columba albitorques,4.5,43.7,277,Grassland,2,1,Herbivore,Granivore,Terrestrial
Columba argentina,5.9,37.8,330,Woodland,2,2,Herbivore,Frugivore,Insessorial
Columba arquatrix,4.3,37.1,400,Forest,2,1,Herbivore,Frugivore,Insessorial
Columba bollii,5.3,36.4,308.5,Forest,2,1,Herbivore,Frugivore,Insessorial
Columba delegorguei,3.8,35.9,133,Forest,2,1,Herbivore,Frugivore,Insessorial
Columba elphinstonii,4.9,33.8,379,Forest,2,1,Herbivore,Frugivore,Insessorial
Columba eversmanni,3.8,47.2,202,Desert,2,3,Herbivore,Granivore,Terrestrial
Columba guinea,4.1,41,352,Shrubland,2,1,Herbivore,Granivore,Terrestrial
Columba hodgsonii,4.3,40.3,308.5,Forest,2,1,Herbivore,Frugivore,Insessorial
Columba iriditorques,3.1,35.6,125.9,Forest,2,1,Herbivore,Frugivore,Insessorial
Columba janthina,4.8,34.2,397,Forest,2,1,Herbivore,Granivore,Insessorial
Columba junoniae,5.1,30.1,440,Forest,2,1,Herbivore,Frugivore,Insessorial
Aplopelia larvata,3.3,29.3,155,Forest,2,1,Herbivore,Granivore,Terrestrial
Columba leucomela,5.1,32.2,420,Forest,2,1,Herbivore,Omnivore,Insessorial
Columba leuconota,4.1,44.5,284,Rock,3,1,Herbivore,Granivore,Terrestrial
Columba livia,4.3,45.1,354.2,Human Modified,3,1,Herbivore,Granivore,Terrestrial
Columba malherbii,4.2,37.3,308.5,Forest,2,1,Herbivore,Frugivore,Insessorial
Columba oenas,6.8,42.5,290.8,Woodland,3,1,Herbivore,Omnivore,Terrestrial
Columba oliviae,3.7,43.4,308.5,Grassland,2,1,Herbivore,Granivore,Terrestrial
Columba pallidiceps,7.3,39.7,459,Forest,2,1,Herbivore,Omnivore,Insessorial
Columba palumboides,6.8,34.7,520,Forest,2,1,Herbivore,Frugivore,Insessorial
Columba palumbus,8,41.2,490,Woodland,2,1,Herbivore,Omnivore,Terrestrial
Columba pollenii,5.2,35.9,308.5,Forest,2,1,Herbivore,Frugivore,Insessorial
Columba pulchricollis,4.3,38,330,Forest,3,1,Herbivore,Frugivore,Insessorial
Columba punicea,5.1,35,434.4,Forest,2,1,Herbivore,Frugivore,Terrestrial
Columba rupestris,3.9,48.6,245.4,Rock,3,1,Herbivore,Granivore,Terrestrial
Columba sjostedti,4.4,37.7,308.5,Forest,2,1,Herbivore,Frugivore,Insessorial
Columba thomensis,5.6,35.6,428.7,Forest,2,1,Herbivore,Frugivore,Insessorial
Columba torringtoniae,4.8,34.6,308.5,Forest,2,1,Herbivore,Frugivore,Insessorial
Columba trocaz,6.4,35.6,440,Forest,2,1,Herbivore,Frugivore,Generalist
Columba unicincta,4.4,38.4,389.1,Forest,2,1,Herbivore,Frugivore,Insessorial
Columba vitiensis,5.7,32.3,353,Forest,2,1,Herbivore,Omnivore,Insessorial
Columbina buckleyi,2.5,22.2,57.5,Woodland,2,1,Herbivore,Granivore,Terrestrial
Columbina cruziana,3.1,24,50.1,Human Modified,3,1,Herbivore,Granivore,Terrestrial
Columbina cyanopis,2.4,19.7,45.6,Grassland,2,1,Herbivore,Granivore,Terrestrial
Columbina inca,3.5,26,47.5,Human Modified,3,1,Herbivore,Granivore,Terrestrial
Columbina minuta,2.4,18.7,32.6,Shrubland,2,1,Herbivore,Granivore,Terrestrial
Columbina passerina,2.5,25.4,35.4,Shrubland,2,1,Herbivore,Omnivore,Terrestrial
Columbina picui,3.2,20.1,47,Human Modified,3,3,Herbivore,Granivore,Terrestrial
Columbina squammata,2.8,20.9,52.9,Human Modified,3,1,Herbivore,Granivore,Terrestrial
Columbina talpacoti,3.1,19.9,46,Human Modified,3,2,Herbivore,Granivore,Terrestrial
Cryptophaps poecilorrhoa,6.4,28.4,467,Forest,1,1,Herbivore,Frugivore,Insessorial
Didunculus strigirostris,10.2,30.1,400,Forest,1,1,Herbivore,Frugivore,Insessorial
Drepanoptila holosericea,3.7,20.5,215,Forest,2,1,Herbivore,Frugivore,Insessorial
Ducula aenea,8.2,30.4,545,Forest,1,1,Herbivore,Frugivore,Insessorial
Ducula aurorae,6.6,31.3,507.2,Forest,2,1,Herbivore,Frugivore,Insessorial
Ducula badia,7,28.3,486,Forest,2,1,Herbivore,Frugivore,Insessorial
Ducula bakeri,5.8,26.4,394,Forest,2,1,Herbivore,Frugivore,Insessorial
Ducula basilica,7.6,29.5,507.2,Forest,2,1,Herbivore,Frugivore,Insessorial
Ducula bicolor,6.2,36.7,440,Forest,2,2,Herbivore,Frugivore,Insessorial
Ducula brenchleyi,6.1,37.2,380,Forest,2,1,Herbivore,Frugivore,Insessorial
Ducula carola,6,36.5,289,Forest,1,1,Herbivore,Frugivore,Insessorial
Ducula chalconota,6.1,26,502,Forest,2,1,Herbivore,Frugivore,Insessorial
Ducula cineracea,5.3,27.8,507.2,Forest,2,1,Herbivore,Frugivore,Insessorial
Ducula concinna,8.1,32,804.7,Forest,2,1,Herbivore,Frugivore,Insessorial
Ducula finschii,6.1,29.6,343.9,Forest,2,1,Herbivore,Frugivore,Insessorial
Ducula forsteni,6.1,28.8,510,Forest,2,1,Herbivore,Frugivore,Insessorial
Ducula galeata,8.6,32.8,605,Forest,2,1,Herbivore,Frugivore,Insessorial
Ducula goliath,7.4,28.5,600,Forest,2,1,Herbivore,Frugivore,Insessorial
Ducula lacernulata,6.6,25.8,150,Forest,2,1,Herbivore,Frugivore,Insessorial
Ducula latrans,6.6,29,365.1,Forest,2,1,Herbivore,Frugivore,Insessorial
Ducula luctuosa,7.1,31,410,Woodland,2,1,Herbivore,Frugivore,Insessorial
Ducula melanochroa,7.7,31.7,665,Forest,2,1,Herbivore,Frugivore,Insessorial
Ducula mindorensis,7.6,27.6,507.2,Forest,2,1,Herbivore,Frugivore,Insessorial
Ducula mullerii,7.8,27.1,574.9,Forest,2,1,Herbivore,Frugivore,Insessorial
Ducula myristicivora,9.2,32.6,535,Forest,2,1,Herbivore,Frugivore,Insessorial
Ducula neglecta,8,32.6,667,Forest,2,1,Herbivore,Frugivore,Insessorial
Ducula nicobarica,8.4,31.9,545,Forest,1,1,Herbivore,Frugivore,Insessorial
Ducula oceanica,6.2,27,371.5,Forest,2,1,Herbivore,Frugivore,Insessorial
Ducula pacifica,7.4,32.5,394.2,Forest,2,1,Herbivore,Frugivore,Insessorial
Ducula perspicillata,8.3,33,667,Forest,2,1,Herbivore,Frugivore,Insessorial
Ducula pickeringii,6.9,31.5,377,Forest,2,2,Herbivore,Frugivore,Insessorial
Ducula pinon,8.7,30.5,756,Forest,2,1,Herbivore,Frugivore,Insessorial
Ducula pistrinaria,8.4,29.3,515,Forest,2,1,Herbivore,Frugivore,Insessorial
Ducula poliocephala,6.4,29.8,555,Forest,2,1,Herbivore,Frugivore,Insessorial
Ducula radiata,5.7,32.6,295,Forest,1,1,Herbivore,Frugivore,Insessorial
Ducula rosacea,6.3,32.6,385.6,Forest,2,1,Herbivore,Frugivore,Insessorial
Ducula rubricera,8.1,33,652,Forest,2,1,Herbivore,Frugivore,Insessorial
Ducula rufigaster,6.3,27.6,436,Forest,2,1,Herbivore,Frugivore,Insessorial
Ducula spilorrhoa,7,33,464,Forest,2,1,Herbivore,Frugivore,Insessorial
Ducula subflavescens,7.1,38.9,440,Forest,2,1,Herbivore,Frugivore,Insessorial
Ducula whartoni,6.6,28.8,571.2,Forest,2,1,Herbivore,Frugivore,Insessorial
Ducula zoeae,6,26,568,Forest,2,1,Herbivore,Frugivore,Insessorial
Gallicolumba crinigera,3.1,28.6,192.2,Forest,1,1,Herbivore,Omnivore,Terrestrial
Gallicolumba keayi,3.4,32.8,190.5,Forest,1,1,Herbivore,Omnivore,Terrestrial
Gallicolumba luzonica,2.9,27.4,196,Forest,1,1,Herbivore,Omnivore,Terrestrial
Gallicolumba menagei,3.5,30.2,196,Forest,1,1,Herbivore,Omnivore,Terrestrial
Gallicolumba platenae,4.2,27.6,196,Forest,1,1,Herbivore,Omnivore,Terrestrial
Gallicolumba rufigula,2.6,28.4,130,Forest,1,1,Herbivore,Omnivore,Terrestrial
Gallicolumba tristigmata,4.7,25.8,275,Forest,1,1,Herbivore,Omnivore,Terrestrial
Geopelia cuneata,2.2,35.6,31.6,Grassland,2,1,Herbivore,Granivore,Terrestrial
Geopelia humeralis,3.4,30.2,128.4,Woodland,2,1,Herbivore,Granivore,Terrestrial
Geopelia maugeus,2.7,30.7,56.6,Woodland,2,1,Herbivore,Granivore,Terrestrial
Geopelia placida,2.4,33.2,47.8,Woodland,2,1,Herbivore,Granivore,Terrestrial
Geopelia striata,2.5,27.7,56.6,Woodland,2,1,Herbivore,Granivore,Terrestrial
Geophaps plumifera,4.5,29.2,94.3,Grassland,3,2,Herbivore,Granivore,Terrestrial
Geophaps scripta,4.5,27,221.4,Woodland,2,2,Herbivore,Granivore,Terrestrial
Geophaps smithii,5.2,24.3,194,Forest,1,2,Herbivore,Granivore,Terrestrial
Geotrygon caniceps,3,29.5,192,Forest,1,1,Omnivore,Omnivore,Terrestrial
Geotrygon chrysia,3,32.3,169,Woodland,1,1,Herbivore,Omnivore,Terrestrial
Geotrygon leucometopia,2.8,32,192,Forest,1,1,Omnivore,Omnivore,Terrestrial
Geotrygon montana,3.5,27.1,133.9,Forest,1,1,Herbivore,Omnivore,Terrestrial
Geotrygon mystacea,3.2,28.8,211,Woodland,1,1,Omnivore,Omnivore,Terrestrial
Geotrygon purpurata,3.2,26.3,129,Forest,1,1,Omnivore,Omnivore,Terrestrial
Geotrygon saphirina,3.4,29.2,203,Forest,1,1,Omnivore,Omnivore,Terrestrial
Geotrygon versicolor,3.8,29.3,225,Forest,1,1,Herbivore,Omnivore,Terrestrial
Geotrygon violacea,2.5,33.3,95.2,Forest,1,1,Herbivore,Omnivore,Terrestrial
Goura cristata,8.5,17.6,2000,Forest,2,1,Herbivore,Omnivore,Terrestrial
Goura scheepmakeri,8.1,17.1,2235,Forest,2,1,Herbivore,Omnivore,Terrestrial
Goura sclaterii,8.5,19.2,2235,Forest,2,1,Herbivore,Omnivore,Terrestrial
Goura victoria,8.1,18.9,2384,Forest,2,1,Herbivore,Frugivore,Terrestrial
Gymnophaps albertisii,4.8,37.5,259,Forest,1,1,Herbivore,Frugivore,Insessorial
Gymnophaps mada,5.1,32.8,334,Forest,1,1,Herbivore,Frugivore,Insessorial
Gymnophaps solomonensis,6.2,34.5,335,Forest,2,1,Herbivore,Frugivore,Insessorial
Gymnophaps stalkeri,7.1,33.3,334,Forest,1,1,Herbivore,Frugivore,Insessorial
Hemiphaga chathamensis,8,30.8,789,Forest,2,1,Herbivore,Frugivore,Insessorial
Hemiphaga novaeseelandiae,5.9,31.7,653,Forest,2,1,Herbivore,Frugivore,Insessorial
Henicophaps albifrons,7.1,27.5,247,Forest,3,1,Omnivore,Omnivore,Terrestrial
Henicophaps foersteri,6.4,25.8,247,Forest,3,1,Omnivore,Omnivore,Terrestrial
Leptotila cassinii,3.4,24,159,Forest,1,1,Herbivore,Granivore,Terrestrial
Leptotila conoveri,2.8,23.6,153.5,Forest,1,1,Herbivore,Granivore,Terrestrial
Leptotila jamaicensis,3,31,165,Shrubland,1,1,Herbivore,Granivore,Terrestrial
Leptotila megalura,3.2,26.1,218,Forest,1,1,Herbivore,Granivore,Terrestrial
Leptotila ochraceiventris,3.1,25.3,146,Forest,1,2,Herbivore,Granivore,Generalist
Leptotila pallida,3.4,25.1,122.8,Forest,1,1,Herbivore,Granivore,Terrestrial
Leptotila plumbeiceps,2.8,27.2,170,Forest,1,1,Herbivore,Granivore,Terrestrial
Leptotila rufaxilla,3.4,24.5,157,Forest,1,1,Herbivore,Granivore,Terrestrial
Leptotila verreauxi,3.6,22.1,146.9,Shrubland,1,1,Herbivore,Granivore,Terrestrial
Leptotila wellsi,3.2,15.7,200,Woodland,1,1,Herbivore,Granivore,Terrestrial
Leptotrygon veraguensis,2.6,27.1,155,Forest,1,1,Herbivore,Omnivore,Insessorial
Leucosarcia melanoleuca,4.6,32.3,428.6,Forest,2,1,Herbivore,Omnivore,Terrestrial
Lopholaimus antarcticus,5.8,38,496.4,Forest,2,1,Herbivore,Frugivore,Insessorial
Macropygia amboinensis,3.5,32.2,237,Forest,1,1,Herbivore,Frugivore,Insessorial
Macropygia cinnamomea,3.7,32.4,161,Forest,1,1,Herbivore,Frugivore,Insessorial
Macropygia doreya,3.5,32.2,237,Forest,1,1,Herbivore,Frugivore,Insessorial
Macropygia emiliana,3.7,32.4,161,Forest,1,1,Herbivore,Frugivore,Insessorial
Macropygia macassariensis,3.7,33.1,237,Forest,1,1,Herbivore,Frugivore,Insessorial
Macropygia mackinlayi,2.8,31.8,85.9,Forest,1,1,Herbivore,Omnivore,Insessorial
Macropygia magna,4.2,31.8,237,Forest,1,1,Herbivore,Frugivore,Insessorial
Macropygia modiglianii,3.7,32.4,161,Forest,1,1,Herbivore,Frugivore,Insessorial
Macropygia nigrirostris,3.2,36.3,90.1,Forest,1,1,Herbivore,Omnivore,Insessorial
Macropygia phasianella,3.7,33.1,237,NA,1,2,Herbivore,Omnivore,Insessorial
Macropygia ruficeps,2.8,36.6,81.9,Forest,1,1,Herbivore,Omnivore,Generalist
Macropygia rufipennis,3.8,37.7,256,Forest,1,1,Herbivore,Frugivore,Insessorial
Macropygia tenuirostris,3.6,33.2,177,Forest,1,1,Herbivore,Frugivore,Insessorial
Macropygia timorlaoensis,3.7,33.1,237,Forest,1,1,Herbivore,Frugivore,Insessorial
Macropygia unchall,3.3,35.9,168,Forest,1,1,Herbivore,Omnivore,Insessorial
Metriopelia aymara,2.7,39.2,61.8,Grassland,3,1,Herbivore,Granivore,Terrestrial
Metriopelia ceciliae,2.8,25.4,55.1,Shrubland,3,1,Herbivore,Granivore,Terrestrial
Metriopelia melanoptera,3,38.4,100,Shrubland,3,1,Herbivore,Granivore,Terrestrial
Metriopelia morenoi,2.8,27.2,28.6,Shrubland,3,1,Herbivore,Granivore,Terrestrial
Nesoenas mayeri,5.1,29.8,302.8,Forest,3,1,Herbivore,Omnivore,Generalist
Ocyphaps lophotes,4.2,40,204,Grassland,3,1,Herbivore,Omnivore,Terrestrial
Oena capensis,2.1,39.3,40.6,Shrubland,3,2,Herbivore,Granivore,Terrestrial
Otidiphaps nobilis,4.3,15.2,500,Forest,2,2,Herbivore,Omnivore,Terrestrial
Paraclaravis geoffroyi,3.4,34.7,43.5,Forest,1,2,Herbivore,Granivore,Terrestrial
Paraclaravis mondetoura,2.8,28.3,89.7,Forest,1,2,Herbivore,Granivore,Terrestrial
Patagioenas araucana,5,37,270,Forest,2,2,Herbivore,Frugivore,Insessorial
Patagioenas caribaea,5.5,35.3,250,Forest,2,1,Herbivore,Frugivore,Insessorial
Patagioenas cayennensis,4.6,35.1,229,Forest,3,1,Herbivore,Frugivore,Insessorial
Patagioenas corensis,4.8,34.8,272.3,Shrubland,2,1,Herbivore,Omnivore,Insessorial
Patagioenas fasciata,6,36,366.3,Forest,2,1,Herbivore,Granivore,Terrestrial
Patagioenas flavirostris,4,35.6,270.8,Woodland,2,1,Herbivore,Frugivore,Insessorial
Patagioenas goodsoni,4,34.2,176,Forest,2,1,Herbivore,Frugivore,Insessorial
Patagioenas inornata,4.6,39,365,Forest,2,1,Herbivore,Omnivore,Insessorial
Patagioenas leucocephala,5.3,33.9,240.1,Woodland,2,1,Herbivore,Frugivore,Insessorial
Patagioenas maculosa,4.6,38.8,347,Woodland,2,1,Herbivore,Granivore,Terrestrial
Patagioenas nigrirostris,5,34.4,176,Forest,2,1,Herbivore,Frugivore,Insessorial
Patagioenas oenops,4.3,35.7,264.6,Forest,2,1,Herbivore,Granivore,Insessorial
Patagioenas picazuro,4.8,37.6,279,Forest,3,1,Herbivore,Omnivore,Generalist
Patagioenas plumbea,4.3,34.9,178.8,Forest,1,1,Herbivore,Frugivore,Insessorial
Patagioenas speciosa,4.8,36.5,258.5,Forest,1,1,Herbivore,Frugivore,Insessorial
Patagioenas squamosa,4.4,35.6,312,Forest,2,1,Herbivore,Frugivore,Insessorial
Patagioenas subvinacea,3.8,34.3,162.5,Forest,2,1,Herbivore,Frugivore,Insessorial
Petrophassa albipennis,3.5,24.4,124.3,Rock,3,1,Herbivore,Granivore,Terrestrial
Petrophassa rufipennis,3.6,21.3,159,Rock,3,1,Herbivore,Granivore,Terrestrial
Phapitreron amethystinus,5.4,33.9,145,Forest,1,1,Herbivore,Omnivore,Insessorial
Phapitreron brunneiceps,4.6,36.3,146,Forest,1,1,Herbivore,Omnivore,Insessorial
Phapitreron cinereiceps,4.7,32.5,146,Forest,1,1,Herbivore,Omnivore,Insessorial
Phapitreron leucotis,4,34,108,Forest,1,1,Herbivore,Frugivore,Insessorial
Phaps chalcoptera,3.8,39,330.7,Forest,3,1,Herbivore,Granivore,Terrestrial
Phaps elegans,3.7,30.7,211.4,Woodland,2,1,Herbivore,Granivore,Terrestrial
Phaps histrionica,4.2,43.9,289,Grassland,3,1,Herbivore,Granivore,Terrestrial
Ptilinopus alligator,5.4,33.5,243,Forest,2,1,Herbivore,Frugivore,Insessorial
Ptilinopus arcanus,3.5,25.3,85.9,Forest,2,1,Herbivore,Frugivore,Insessorial
Ptilinopus aurantiifrons,4.7,30.4,152,Forest,2,1,Herbivore,Frugivore,Insessorial
Ptilinopus bernsteinii,4.3,30.6,118.5,Forest,2,1,Herbivore,Frugivore,Insessorial
Ptilinopus chalcurus,3.5,25.6,97.6,Forest,2,1,Herbivore,Frugivore,Insessorial
Ptilinopus cinctus,4.4,27.7,243,Forest,2,1,Herbivore,Frugivore,Insessorial
Ptilinopus coralensis,3.7,25.7,83.2,Forest,2,1,Omnivore,Omnivore,Terrestrial
Ptilinopus coronulatus,3.7,29.1,76.6,Forest,2,1,Herbivore,Frugivore,Insessorial
Ptilinopus dohertyi,5.2,30.7,243,Forest,2,1,Herbivore,Frugivore,Insessorial
Ptilinopus dupetithouarsii,4.5,32.3,99.5,Forest,2,1,Herbivore,Frugivore,Insessorial
Ptilinopus epius,6.2,25.2,142,Forest,2,1,Herbivore,Frugivore,Insessorial
Ptilinopus eugeniae,4.2,31,114,Forest,2,1,Herbivore,Frugivore,Insessorial
Ptilinopus fischeri,5,27.3,177,Forest,2,1,Herbivore,Frugivore,Insessorial
Ptilinopus granulifrons,5,28.1,136.5,Forest,2,1,Herbivore,Frugivore,Insessorial
Ptilinopus greyi,3.8,30.2,82.7,Forest,2,1,Herbivore,Frugivore,Insessorial
Ptilinopus hernsheimi,4.1,28.8,105,Forest,2,1,Herbivore,Frugivore,Insessorial
Ptilinopus huttoni,4.8,25.9,130,Forest,2,1,Herbivore,Frugivore,Insessorial
Ptilinopus hyogastrus,5.2,27.2,136.5,Forest,2,1,Herbivore,Frugivore,Insessorial
Ptilinopus insolitus,4.6,29.8,136.5,Forest,2,1,Herbivore,Frugivore,Insessorial
Ptilinopus insularis,5.2,25.2,104,Forest,2,1,Herbivore,Frugivore,Insessorial
Ptilinopus iozonus,4.2,34.1,114,Forest,2,1,Herbivore,Frugivore,Insessorial
Ptilinopus jambu,4.6,33,135,Forest,2,1,Herbivore,Frugivore,Insessorial
Ptilinopus layardi,3.4,19.9,75.6,Forest,2,1,Herbivore,Frugivore,Insessorial
Ptilinopus leclancheri,4.9,32.8,164,Forest,2,1,Herbivore,Frugivore,Insessorial
Ptilinopus luteovirens,3.5,22.4,75,Forest,2,1,Herbivore,Frugivore,Insessorial
Ptilinopus magnificus,4.7,28.7,185.4,Forest,2,1,Herbivore,Frugivore,Insessorial
Ptilinopus mangoliensis,6.1,25.8,142,Forest,2,1,Herbivore,Frugivore,Insessorial
Ptilinopus marchei,5.9,18.8,326,Forest,2,1,Herbivore,Frugivore,Insessorial
Ptilinopus melanospilus,3.9,26.5,92,Forest,2,1,Herbivore,Frugivore,Insessorial
Ptilinopus merrilli,5.6,22.7,263,Forest,2,1,Herbivore,Frugivore,Insessorial
Ptilinopus monacha,3.4,29.6,53.9,Forest,2,1,Herbivore,Frugivore,Insessorial
Ptilinopus nainus,2.8,26.3,49,Forest,2,1,Herbivore,Frugivore,Insessorial
Ptilinopus occipitalis,4.3,26.7,238,Forest,2,1,Herbivore,Frugivore,Insessorial
Ptilinopus ornatus,4.3,33,163,Forest,2,1,Herbivore,Frugivore,Insessorial
Ptilinopus pelewensis,4.3,29.4,93,Forest,2,1,Herbivore,Frugivore,Insessorial
Ptilinopus perlatus,5.7,30.1,210,Forest,2,1,Herbivore,Frugivore,Insessorial
Ptilinopus perousii,3,28.2,93.5,Forest,2,1,Herbivore,Frugivore,Insessorial
Ptilinopus ponapensis,4.1,28.6,105,Forest,2,1,Herbivore,Frugivore,Insessorial
Ptilinopus porphyraceus,4.1,29.7,105,Forest,2,1,Herbivore,Frugivore,Insessorial
Ptilinopus porphyreus,5,31.3,168,Forest,2,1,Herbivore,Frugivore,Insessorial
Ptilinopus pulchellus,3.6,28,70,Forest,2,1,Herbivore,Frugivore,Insessorial
Ptilinopus purpuratus,4.3,29.2,97.6,Forest,2,1,Herbivore,Frugivore,Insessorial
Ptilinopus rarotongensis,3.9,24,97.6,Forest,2,1,Herbivore,Frugivore,Insessorial
Ptilinopus regina,3.7,29.6,101.6,Forest,2,1,Herbivore,Frugivore,Insessorial
Ptilinopus richardsii,4,29.6,103.9,Forest,2,1,Herbivore,Frugivore,Insessorial
Ptilinopus rivoli,4.5,28.5,149,Forest,2,1,Herbivore,Frugivore,Insessorial
Ptilinopus roseicapilla,4.5,27.6,90.4,Forest,2,1,Herbivore,Frugivore,Insessorial
Ptilinopus solomonensis,4,27.7,108.5,Forest,2,1,Herbivore,Frugivore,Insessorial
Ptilinopus subgularis,4.9,28,142,Forest,2,1,Herbivore,Frugivore,Insessorial
Ptilinopus superbus,4.3,31.1,118,Forest,2,1,Herbivore,Frugivore,Insessorial
Ptilinopus tannensis,5.1,28.6,208,Forest,2,1,Herbivore,Frugivore,Insessorial
Ptilinopus victor,3.4,25.5,81,Woodland,2,1,Herbivore,Frugivore,Insessorial
Ptilinopus viridis,4.3,30.1,121,Forest,2,1,Herbivore,Frugivore,Insessorial
Ptilinopus wallacii,4.7,34.5,208,Forest,2,1,Herbivore,Frugivore,Insessorial
Reinwardtoena browni,5.6,36.4,304,Forest,1,1,Herbivore,Frugivore,Insessorial
Reinwardtoena crassirostris,6.9,33.2,259,Forest,1,1,Herbivore,Frugivore,Insessorial
Reinwardtoena reinwardti,4.8,34.5,275,Forest,1,1,Herbivore,Frugivore,Insessorial
Starnoenas cyanocephala,3.7,30.2,219,Forest,1,1,Herbivore,Omnivore,Terrestrial
Streptopelia bitorquata,3.7,31,153,Woodland,3,1,Herbivore,Granivore,Terrestrial
Streptopelia capicola,3.2,32.6,142,Shrubland,3,1,Herbivore,Granivore,Terrestrial
Spilopelia chinensis,3.2,31,159,Woodland,3,1,Herbivore,Granivore,Terrestrial
Streptopelia decaocto,3.8,36.1,149,Human Modified,3,1,Herbivore,Omnivore,Terrestrial
Streptopelia decipiens,3.8,30.7,134,Shrubland,2,1,Herbivore,Granivore,Terrestrial
Streptopelia dusumieri,3.6,32.2,153,Woodland,3,1,Herbivore,Granivore,Terrestrial
Streptopelia hypopyrrha,3.6,35.6,162,Forest,3,1,Herbivore,Granivore,Terrestrial
Streptopelia lugens,3.4,36.6,155,Forest,3,1,Herbivore,Omnivore,Terrestrial
Streptopelia orientalis,3.1,32.8,232.9,Woodland,3,3,Herbivore,Omnivore,Terrestrial
Nesoenas picturatus,3.8,35.4,176.8,Forest,2,1,Herbivore,Granivore,Terrestrial
Streptopelia reichenowi,3.3,30.9,119,Forest,2,1,Herbivore,Frugivore,Insessorial
Streptopelia roseogrisea,3.7,39.2,155,Shrubland,2,1,Herbivore,Granivore,Terrestrial
Streptopelia semitorquata,3.6,36.6,176,Shrubland,3,1,Herbivore,Granivore,Terrestrial
Spilopelia senegalensis,2.7,34.2,82.1,Woodland,3,1,Herbivore,Granivore,Terrestrial
Streptopelia tranquebarica,3.4,39.6,103,Woodland,2,1,Herbivore,Granivore,Terrestrial
Streptopelia turtur,4.7,43.5,132,Woodland,2,3,Herbivore,Granivore,Terrestrial
Streptopelia vinacea,2.8,34.6,110,Shrubland,2,1,Herbivore,Granivore,Terrestrial
Treron affinis,4.8,35.6,234,Forest,2,1,Herbivore,Frugivore,Insessorial
Treron apicauda,5.4,35.3,217.2,Forest,2,1,Herbivore,Frugivore,Insessorial
Treron aromaticus,4.8,35.2,234,Forest,2,1,Herbivore,Frugivore,Insessorial
Treron australis,5.4,35.6,229,Forest,2,1,Herbivore,Frugivore,Insessorial
Treron axillaris,5.3,36,234,Forest,2,1,Herbivore,Frugivore,Insessorial
Treron bicinctus,4.9,38.1,174,Forest,2,1,Herbivore,Frugivore,Insessorial
Treron calvus,6.3,38.1,197.5,Forest,2,2,Herbivore,Frugivore,Insessorial
Treron capellei,8.6,33.5,401.3,Forest,2,1,Herbivore,Frugivore,Insessorial
Treron chloropterus,6.2,36,234,Forest,2,1,Herbivore,Frugivore,Insessorial
Treron curvirostra,5.9,34.9,134.5,Forest,2,1,Herbivore,Frugivore,Insessorial
Treron floris,6.1,29.9,205.7,Forest,2,1,Herbivore,Frugivore,Insessorial
Treron formosae,5.6,35.5,140,Forest,2,1,Herbivore,Frugivore,Insessorial
Treron fulvicollis,4.5,33.3,167,Woodland,2,1,Herbivore,Frugivore,Insessorial
Treron griseicauda,5.5,33.9,205.7,Grassland,2,1,Herbivore,Frugivore,Insessorial
Treron griveaudi,6.2,36.7,229,Forest,2,1,Herbivore,Frugivore,Insessorial
Treron olax,4.1,34,77,Forest,2,1,Herbivore,Frugivore,Insessorial
Treron oxyurus,5.5,35.6,205.7,Forest,2,1,Herbivore,Frugivore,Insessorial
Treron pembaensis,5.9,36.2,205.7,Forest,2,1,Herbivore,Frugivore,Insessorial
Treron phayrei,4.9,38.9,187,Forest,2,1,Herbivore,Frugivore,Insessorial
Treron phoenicopterus,6.5,39.5,235,Forest,2,1,Herbivore,Frugivore,Insessorial
Treron pompadora,4.9,37.8,234,Forest,2,1,Herbivore,Frugivore,Insessorial
Treron psittaceus,6,32.9,205.7,Forest,2,1,Herbivore,Frugivore,Insessorial
Treron sanctithomae,7.9,35.4,205.7,Forest,2,1,Herbivore,Frugivore,Insessorial
Treron seimundi,6.1,33.9,157.8,Forest,2,1,Herbivore,Frugivore,Insessorial
Treron sieboldii,5.1,37.6,245,Forest,2,2,Herbivore,Frugivore,Insessorial
Treron sphenurus,5.1,37.1,210,Forest,1,2,Herbivore,Frugivore,Insessorial
Treron teysmannii,6.1,33.1,205.7,Forest,2,1,Herbivore,Frugivore,Insessorial
Treron vernans,4.7,32.8,132,Forest,2,1,Herbivore,Frugivore,Insessorial
Treron waalia,6.2,37,254,Woodland,2,2,Herbivore,Frugivore,Insessorial
Trugon terrestris,5.1,30.1,400,Forest,1,1,Herbivore,Granivore,Terrestrial
Turacoena manadensis,4.7,29.2,208.6,Forest,1,1,Herbivore,Frugivore,Insessorial
Turacoena modesta,4.8,32.8,340,Forest,1,1,Herbivore,Frugivore,Insessorial
Turacoena sulaensis,5.3,29.2,208.6,Forest,1,1,Herbivore,Frugivore,Insessorial
Turtur abyssinicus,2.2,30.9,62.7,Shrubland,2,1,Herbivore,Granivore,Terrestrial
Turtur afer,2.1,28.2,65.6,Shrubland,2,1,Herbivore,Granivore,Terrestrial
Turtur brehmeri,2.7,25.2,116,Forest,2,1,Omnivore,Omnivore,Terrestrial
Turtur chalcospilos,2.6,28.4,60.6,Shrubland,2,1,Herbivore,Granivore,Terrestrial
Turtur tympanistria,2.9,25.2,70.6,Forest,2,1,Herbivore,Granivore,Terrestrial
Uropelia campestris,2.1,19.9,35.2,Grassland,3,1,Herbivore,Granivore,Terrestrial
Zenaida asiatica,4.2,35.2,153,Shrubland,2,1,Herbivore,Granivore,Generalist
Zenaida auriculata,3.7,32.7,110.2,Human Modified,3,1,Herbivore,Granivore,Terrestrial
Zenaida aurita,2.8,33.6,156,Forest,3,1,Herbivore,Omnivore,Generalist
Zenaida galapagoensis,3.8,36.6,111,Woodland,3,1,Herbivore,Granivore,Generalist
Zenaida graysoni,4.3,26.4,192,Forest,1,1,Herbivore,Omnivore,Generalist
Zenaida macroura,2.7,36.6,118.9,Human Modified,3,1,Herbivore,Granivore,Terrestrial
Zenaida meloda,3.9,33.3,209.2,Shrubland,2,1,Herbivore,Granivore,Generalist
Zentrygon albifacies,3.7,25.2,238,Forest,1,1,Herbivore,Omnivore,Terrestrial
Zentrygon carrikeri,5.7,23.1,267,Forest,1,1,Herbivore,Omnivore,Terrestrial
Zentrygon chiriquensis,3.5,21.4,308,Forest,1,1,Herbivore,Omnivore,Terrestrial
Zentrygon costaricensis,3.5,19.9,285.1,Forest,1,1,Herbivore,Omnivore,Terrestrial
Zentrygon frenata,4.6,18.2,307,Forest,1,1,Herbivore,Omnivore,Terrestrial
Zentrygon goldmani,5,18.4,258,Forest,1,1,Herbivore,Granivore,Terrestrial
Zentrygon lawrencii,3.4,24.3,220,Forest,1,1,Herbivore,Omnivore,Terrestrial
Zentrygon linearis,3.5,20,261,Forest,1,1,Herbivore,Granivore,Terrestrial
Ducula cuprea,7,28.3,486,Forest,2,1,Herbivore,Frugivore,Insessorial
